"species_relationship","X2","Outflow","Inflow","Unimpaired_runoff"
"Longfin Smelt",0.66971282377523,0.638120774973808,0.640502541571826,0.650485095164135
"Striped Bass",0.166543474310102,0.106304710407705,0.0625186572337687,0.244212956877425
"Splittail",0.229020310013214,0.280280088409535,0.285242731149477,0.277642373352052
